Song,Album,Album Release Date,Artist Names,Artist(s) Genres,Hot100 Ranking Year,Hot100 Rank,Song Length(ms),Spotify Link,Song Image,Spotify URI,Popularity,Acousticness,Danceability,Energy,Instrumentalness,Liveness,Loudness,Speechiness,Tempo,Valence,Key,Mode,Time Signature,Song-Artist
Lovin' You,Perfect Angel,1974,['Minnie Riperton'],"['soul', 'funk', 'motown', 'classic soul', 'quiet storm', 'disco']",1975,14,223143,https://open.spotify.com/track/3ebYtLVuV4HzEZUDcpZB9p,https://i.scdn.co/image/ab67616d00001e021d3aab58dd4e235e7059b6a1,spotify:track:3ebYtLVuV4HzEZUDcpZB9p,61,0.962,0.387,0.164,0.0,0.0817,-14.617,0.085,72.029,0.409,9,1,4,Lovin' You - Minnie Riperton
White Flag,Life For Rent,2003-09-03,['Dido'],"['dance pop', 'neo mellow', 'lilith', 'europop', 'pop rock']",2004,36,240600,https://open.spotify.com/track/3adnLFXKO5rC1lhUNSeg3N,https://i.scdn.co/image/ab67616d00001e0230e165a27ff94cce9e91b7f2,spotify:track:3adnLFXKO5rC1lhUNSeg3N,59,0.306,0.509,0.538,5.03e-06,0.091,-6.835,0.0379,170.111,0.284,5,1,4,White Flag - Dido
I Can't Go for That (No Can Do),Private Eyes (Expanded Edition),1981,['Daryl Hall & John Oates'],"['heartland rock', 'rock', 'yacht rock', 'album rock', 'soft rock', 'mellow gold', 'singer-songwriter', 'classic rock']",1982,15,307306,https://open.spotify.com/track/41dDygR3r7e926oGUXfrLt,https://i.scdn.co/image/ab67616d00001e02c84b9bd63074979108c7c752,spotify:track:41dDygR3r7e926oGUXfrLt,68,0.0405,0.889,0.441,0.000788,0.038,-9.506,0.0379,110.565,0.963,0,0,4,I Can't Go for That (No Can Do) - Daryl Hall & John Oates
Owner of a Lonely Heart,90125 (Deluxe Version),1983-06-01,['Yes'],"['art rock', 'hard rock', 'rock', 'progressive rock', 'album rock', 'soft rock', 'symphonic rock', 'classic rock']",1984,8,268506,https://open.spotify.com/track/0GTK6TesV108Jj5D3MHsYb,https://i.scdn.co/image/ab67616d00001e02418e5dc6c0324f12a96e7aa7,spotify:track:0GTK6TesV108Jj5D3MHsYb,73,0.175,0.744,0.798,0.00367,0.26,-5.981,0.0364,125.061,0.89,7,1,4,Owner of a Lonely Heart - Yes
Evil Woman,Face the Music,1975-10-01,['Electric Light Orchestra'],"['art rock', 'glam rock', 'rock', 'beatlesque', 'album rock', 'soft rock', 'mellow gold', 'symphonic rock', 'classic rock']",1976,70,269840,https://open.spotify.com/track/777NOXupZkFdg8zlPMoVqc,https://i.scdn.co/image/ab67616d00001e024a84848e015e2a4c484cf217,spotify:track:777NOXupZkFdg8zlPMoVqc,65,0.457,0.677,0.619,0.000149,0.221,-7.446,0.0334,119.624,0.74,9,0,4,Evil Woman - Electric Light Orchestra
I'm Already There - In the Style of Lonestar (Karaoke Version Teaching Vocal),Karaoke - Country August 2001,2010-01-01,['ProTracks (Karaoke)'],['karaoke'],2001,73,255946,https://open.spotify.com/track/1xx44m8GRoj2uQ2FxjKGAl,https://i.scdn.co/image/ab67616d00001e02719ebc50ac109bfe8acf9056,spotify:track:1xx44m8GRoj2uQ2FxjKGAl,0,0.685,0.593,0.418,1.82e-06,0.252,-6.402,0.0335,132.876,0.156,3,1,4,I'm Already There - In the Style of Lonestar (Karaoke Version Teaching Vocal) - ProTracks (Karaoke)
In Da Club,Get Rich Or Die Tryin',2003-02-06,['50 Cent'],"['gangster rap', 'queens hip hop', 'east coast hip hop', 'rap', 'hip hop', 'pop rap']",2003,1,193466,https://open.spotify.com/track/4RY96Asd9IefaL3X4LOLZ8,https://i.scdn.co/image/ab67616d00001e02f7f74100d5cc850e01172cbf,spotify:track:4RY96Asd9IefaL3X4LOLZ8,78,0.26,0.902,0.72,0.0,0.0749,-2.776,0.347,90.059,0.805,6,0,4,In Da Club - 50 Cent
"That Lady, Pts. 1 & 2",3+3,1973-08-21,['The Isley Brothers'],"['soul', 'funk', 'motown', 'classic soul', 'quiet storm']",1973,21,334386,https://open.spotify.com/track/46pW0poQYEb2bVaqozGO59,https://i.scdn.co/image/ab67616d00001e029d1d0e64081ea5c0927d6051,spotify:track:46pW0poQYEb2bVaqozGO59,58,0.261,0.344,0.769,0.000122,0.335,-9.112,0.0606,126.318,0.923,5,0,4,"That Lady, Pts. 1 & 2 - The Isley Brothers"
As I Lay Me Down,Whaler,1994-07-21,['Sophie B. Hawkins'],"['new wave pop', 'lilith']",1995,39,248893,https://open.spotify.com/track/6S8ZXzeXsfCj8qi9179McI,https://i.scdn.co/image/ab67616d00001e02ae165106095e1e8908e49e44,spotify:track:6S8ZXzeXsfCj8qi9179McI,57,0.645,0.519,0.737,1.77e-06,0.271,-8.7,0.0437,82.999,0.668,10,1,4,As I Lay Me Down - Sophie B. Hawkins
Don't Turn Around,The Sign,1993-12-24,['Ace of Base'],"['new wave pop', 'eurodance', 'europop']",1994,10,230186,https://open.spotify.com/track/4SYMibQ93bfzOk6uzkF0dO,https://i.scdn.co/image/ab67616d00001e02fda5556cb6981c3113df6175,spotify:track:4SYMibQ93bfzOk6uzkF0dO,59,0.00104,0.745,0.771,0.387,0.0574,-8.231,0.0755,95.623,0.752,4,0,4,Don't Turn Around - Ace of Base
(Your Love Has Lifted Me) Higher And Higher,Anytime... Anywhere,1977-03-01,['Rita Coolidge'],"['soft rock', 'mellow gold', 'singer-songwriter', 'native american', 'adult standards']",1977,8,241720,https://open.spotify.com/track/39iKJpLPhsDTOzH2lXliWF,https://i.scdn.co/image/ab67616d00001e0277835d4aad19f47457ea41bd,spotify:track:39iKJpLPhsDTOzH2lXliWF,51,0.0575,0.656,0.646,0.00464,0.16,-9.169,0.0336,117.586,0.75,10,0,4,(Your Love Has Lifted Me) Higher And Higher - Rita Coolidge
Sum 2 Prove,My Turn,2020-02-28,['Lil Baby'],"['trap', 'atl hip hop', 'atl trap', 'rap']",2020,79,205760,https://open.spotify.com/track/5f4Hy5mw5SRaUgXX9c6P5S,https://i.scdn.co/image/ab67616d00001e02f46a9ad551acbdab8f72fd89,spotify:track:5f4Hy5mw5SRaUgXX9c6P5S,72,0.0169,0.827,0.552,0.0,0.122,-7.571,0.274,124.011,0.408,4,0,4,Sum 2 Prove - Lil Baby
"Easy Come, Easy Go",Platinum Hits,2014-12-03,['Bobby Sherman'],['bubblegum pop'],1970,56,160000,https://open.spotify.com/track/4Ht8wlFBxdNiQQSdWTBOik,https://i.scdn.co/image/ab67616d00001e0200128e514ab38e3bcb1c9bb4,spotify:track:4Ht8wlFBxdNiQQSdWTBOik,31,0.853,0.539,0.386,0.000522,0.708,-11.197,0.0338,142.823,0.755,4,1,4,"Easy Come, Easy Go - Bobby Sherman"
Drive,Make Yourself,1999-10-26,['Incubus'],"['nu metal', 'post-grunge', 'alternative metal', 'alternative rock', 'funk rock', 'rock', 'funk metal']",2001,21,232453,https://open.spotify.com/track/7nnWIPM5hwE3DaUBkvOIpy,https://i.scdn.co/image/ab67616d00001e0274fad40214d982351347e46e,spotify:track:7nnWIPM5hwE3DaUBkvOIpy,78,0.0562,0.645,0.792,0.0121,0.119,-7.34,0.036,90.565,0.666,4,0,4,Drive - Incubus
Jungle Boogie,Wild And Peaceful,1973-09,['Kool & The Gang'],"['motown', 'funk', 'soul', 'disco']",1974,12,186533,https://open.spotify.com/track/3K0SJUQNbOkUprTFcwwAKN,https://i.scdn.co/image/ab67616d00001e024b3787e954c118353100783c,spotify:track:3K0SJUQNbOkUprTFcwwAKN,64,0.115,0.808,0.85,0.000109,0.316,-8.772,0.0868,106.855,0.717,5,1,4,Jungle Boogie - Kool & The Gang
The Safety Dance,Rock Of The 80's,1998-01-01,['Men Without Hats'],"['new wave pop', 'synthpop', 'new wave', 'classic canadian rock', 'new romantic']",1983,35,165506,https://open.spotify.com/track/4t5lrf5rFX6JWAUPKCDlKk,https://i.scdn.co/image/ab67616d00001e02682a1a12fa1ffe348e03a328,spotify:track:4t5lrf5rFX6JWAUPKCDlKk,62,0.0803,0.632,0.582,0.00351,0.0832,-13.461,0.044,101.641,0.578,5,1,4,The Safety Dance - Men Without Hats
What's It Gonna Be?! (feat. Janet Jackson),Extinction Level Event: The Final World Front,1998,"['Busta Rhymes', 'Janet Jackson']","['dance pop', 'urban contemporary', 'east coast hip hop', 'hardcore hip hop', 'rap', 'hip hop', 'pop rap', 'r&b']",1999,27,324400,https://open.spotify.com/track/0FpLfrOyHblbDlHUsrPN1N,https://i.scdn.co/image/ab67616d00001e028fc27013a1be4e3451189501,spotify:track:0FpLfrOyHblbDlHUsrPN1N,53,0.204,0.797,0.934,0.0,0.119,-4.507,0.0926,116.438,0.519,1,1,4,"What's It Gonna Be?! (feat. Janet Jackson) - Busta Rhymes, Janet Jackson"
Another Night,Another Night,1995-03-28,['Real McCoy'],"['german techno', 'hip house', 'diva house', 'eurodance']",1994,63,236933,https://open.spotify.com/track/3pEuO9J2MTEmec8kUfYYvl,https://i.scdn.co/image/ab67616d00001e0226b65044d82b81a249e396f5,spotify:track:3pEuO9J2MTEmec8kUfYYvl,65,0.0908,0.813,0.882,0.00457,0.147,-7.575,0.0402,125.983,0.874,7,1,4,Another Night - Real McCoy
WITHOUT YOU,F*CK LOVE 3+: OVER YOU,2021-07-27,['The Kid LAROI'],['australian hip hop'],2021,17,161384,https://open.spotify.com/track/1KMkcUvF7m3SDChDOa7i5L,https://i.scdn.co/image/ab67616d00001e02b4d59e6fa7e5e7cbc57ac33a,spotify:track:1KMkcUvF7m3SDChDOa7i5L,79,0.213,0.662,0.413,0.0,0.134,-7.357,0.0299,93.005,0.467,0,1,4,WITHOUT YOU - The Kid LAROI
You Showed Me,The Turtles Present The Battle of the Bands,1968,['The Turtles'],"['rock-and-roll', 'psychedelic rock', 'folk rock', 'bubblegum pop', 'classic rock']",1969,80,196200,https://open.spotify.com/track/7j1ABZOylWUPUIZTt5x6AL,https://i.scdn.co/image/ab67616d00001e02f3126c1147d95ab91a85bbc3,spotify:track:7j1ABZOylWUPUIZTt5x6AL,47,0.762,0.315,0.356,1.67e-06,0.0671,-11.131,0.0407,181.588,0.491,0,0,4,You Showed Me - The Turtles
Holiday,Madonna,1983-07-27,['Madonna'],"['pop', 'dance pop']",1984,79,231560,https://open.spotify.com/track/3ibAzRj9JnowdoLkyllk3n,https://i.scdn.co/image/ab67616d00001e02f468270ce8fccc555bb136c5,spotify:track:3ibAzRj9JnowdoLkyllk3n,64,0.0251,0.813,0.699,0.0135,0.0527,-8.656,0.0458,117.548,0.732,7,1,4,Holiday - Madonna
This Is How We Do It,This Is How We Do It,1995-01-01,"['Montell Jordan', 'Wino']","['contemporary r&b', 'new jack swing', 'urban contemporary', 'r&b']",1995,10,238800,https://open.spotify.com/track/6uQKuonTU8VKBz5SHZuQXD,https://i.scdn.co/image/ab67616d00001e020aba996870017b7e8cb5d8f1,spotify:track:6uQKuonTU8VKBz5SHZuQXD,68,0.0141,0.799,0.623,0.0,0.43,-9.374,0.0812,103.649,0.773,0,1,4,"This Is How We Do It - Montell Jordan, Wino"
Touch My Body,E=MC2,2008-04-15,['Mariah Carey'],"['urban contemporary', 'dance pop', 'pop']",2008,22,204733,https://open.spotify.com/track/2aEuXA1KswHlCGPOuPmCOW,https://i.scdn.co/image/ab67616d00001e02633bb0a5f75b91c45c3a6b37,spotify:track:2aEuXA1KswHlCGPOuPmCOW,72,0.0996,0.714,0.665,0.0,0.226,-7.736,0.0509,78.515,0.842,4,0,4,Touch My Body - Mariah Carey
No One Is To Blame,Action Replay,1986,['Howard Jones'],"['new wave', 'new wave pop', 'new romantic', 'synthpop']",1986,44,258399,https://open.spotify.com/track/2K5LRXf7eGH9HzdeNPZc2a,https://i.scdn.co/image/ab67616d00001e0215827e069b4e5637e7289a47,spotify:track:2K5LRXf7eGH9HzdeNPZc2a,53,0.683,0.743,0.354,4.55e-05,0.0621,-13.619,0.0285,95.123,0.8,9,1,4,No One Is To Blame - Howard Jones
"Bailamos - From ""Wild Wild West""",Enrique,1999-01-01,['Enrique Iglesias'],"['dance pop', 'mexican pop', 'latin pop']",1999,26,212693,https://open.spotify.com/track/1ySwd43oWXbrytN2BD0Mhb,https://i.scdn.co/image/ab67616d00001e02d7e8f8a721c820d787f8e940,spotify:track:1ySwd43oWXbrytN2BD0Mhb,64,0.0532,0.629,0.885,0.00252,0.105,-4.508,0.0384,99.881,0.567,7,1,4,"Bailamos - From ""Wild Wild West"" - Enrique Iglesias"
Part Of Me,Teenage Dream: The Complete Confection,2012-01-01,['Katy Perry'],['pop'],2012,31,216160,https://open.spotify.com/track/6yARPLK0PV4heEyh7pVMGz,https://i.scdn.co/image/ab67616d00001e02a56dc57d708c7b62db950105,spotify:track:6yARPLK0PV4heEyh7pVMGz,72,0.000354,0.667,0.922,0.0,0.0867,-4.645,0.0353,130.01,0.761,5,1,4,Part Of Me - Katy Perry
Cyclone (feat. T-Pain) - Main,Cyclone (feat. T-Pain) [Main],2007-07-31,"['Baby Bash', 'T-Pain']","['gangster rap', 'southern hip hop', 'dance pop', 'latin hip hop', 'texas latin rap', 'urban contemporary', 'rap', 'trap', 'chicano rap', 'pop rap', 'hip hop', 'r&b']",2007,84,222053,https://open.spotify.com/track/0x1LCpY9Rgeq97VPajm81B,https://i.scdn.co/image/ab67616d00001e020e1b13f3c09bddf584e8797c,spotify:track:0x1LCpY9Rgeq97VPajm81B,64,0.0112,0.644,0.725,0.0,0.146,-4.618,0.0701,77.977,0.584,11,1,4,"Cyclone (feat. T-Pain) - Main - Baby Bash, T-Pain"
Pray For Me (with Kendrick Lamar),Black Panther The Album Music From And Inspired By,2018-02-09,"['The Weeknd', 'Kendrick Lamar']","['canadian contemporary r&b', 'conscious hip hop', 'canadian pop', 'rap', 'hip hop', 'pop', 'west coast rap']",2018,40,211440,https://open.spotify.com/track/77UjLW8j5UAGAGVGhR5oUK,https://i.scdn.co/image/ab67616d00001e02c027ad28821777b00dcaa888,spotify:track:77UjLW8j5UAGAGVGhR5oUK,72,0.0762,0.735,0.677,2.17e-05,0.111,-4.979,0.093,100.584,0.188,2,1,4,"Pray For Me (with Kendrick Lamar) - The Weeknd, Kendrick Lamar"
In Love With a Girl,Gavin DeGraw,2008-05-06,['Gavin DeGraw'],"['neo mellow', 'pop rock']",2008,87,206000,https://open.spotify.com/track/3zcmWxxUA7Em7X3IBqZGUo,https://i.scdn.co/image/ab67616d00001e0228555bd5c30eefaac51c3ba1,spotify:track:3zcmWxxUA7Em7X3IBqZGUo,52,0.0191,0.438,0.906,0.0,0.373,-4.8,0.0438,161.905,0.684,3,1,4,In Love With a Girl - Gavin DeGraw
Lady - Remastered 2022,Sleeper Catcher (Remastered 2022),1978,['Little River Band'],"['country rock', 'yacht rock', 'album rock', 'soft rock', 'mellow gold', 'singer-songwriter', 'classic rock']",1979,42,289981,https://open.spotify.com/track/23TrwDkYnBPea6i6FPd6Wd,https://i.scdn.co/image/ab67616d00001e02ad53be7d2ec379399660c1ec,spotify:track:23TrwDkYnBPea6i6FPd6Wd,60,0.42,0.439,0.416,2.47e-06,0.088,-9.295,0.0318,120.885,0.357,9,1,4,Lady - Remastered 2022 - Little River Band
Scar Tissue,Californication (Deluxe Edition),1999-06-08,['Red Hot Chili Peppers'],"['alternative rock', 'permanent wave', 'funk rock', 'rock', 'funk metal']",1999,34,215906,https://open.spotify.com/track/1G391cbiT3v3Cywg8T7DM1,https://i.scdn.co/image/ab67616d00001e0294d08ab63e57b0cae74e8595,spotify:track:1G391cbiT3v3Cywg8T7DM1,83,0.0779,0.595,0.717,0.00274,0.108,-4.803,0.0295,88.969,0.547,0,1,4,Scar Tissue - Red Hot Chili Peppers
New Divide,Transformers: Revenge Of The Fallen The Album,2009-06-12,['Linkin Park'],"['alternative metal', 'nu metal', 'rock', 'post-grunge', 'rap metal']",2009,61,268613,https://open.spotify.com/track/6Wx88Mv6b9ofjKMKkdwOJd,https://i.scdn.co/image/ab67616d00001e02148cd93cd936ee29cb4db587,spotify:track:6Wx88Mv6b9ofjKMKkdwOJd,72,0.000235,0.493,0.808,0.0,0.0983,-3.365,0.0362,117.971,0.38,5,0,4,New Divide - Linkin Park
Kiss Me Thru The Phone,iSouljaBoyTellem,2008-01-01,"['Soulja Boy', 'Sammie']","['hip pop', 'dance pop', 'southern hip hop', 'trap', 'chicago bop', 'urban contemporary', 'atl hip hop', 'rap', 'pop rap', 'r&b']",2009,19,193386,https://open.spotify.com/track/2q4rjDy9WhaN3o9MvDbO21,https://i.scdn.co/image/ab67616d00001e026aef62bd0a60aac7df9a9e37,spotify:track:2q4rjDy9WhaN3o9MvDbO21,79,0.0185,0.758,0.712,0.0,0.0677,-3.781,0.112,149.998,0.795,7,1,4,"Kiss Me Thru The Phone - Soulja Boy, Sammie"
Love Letters (Alternate Take),Ketty Lester Presenting Love Letters,1961-12-03,['Ketty Lester'],[],1962,34,162840,https://open.spotify.com/track/3DDV3CsZan0GcUVZAtvs7N,https://i.scdn.co/image/ab67616d00001e02d6c29b44e09b4d37e8e7f083,spotify:track:3DDV3CsZan0GcUVZAtvs7N,41,0.734,0.582,0.421,0.0629,0.157,-10.126,0.0279,124.65,0.333,7,0,3,Love Letters (Alternate Take) - Ketty Lester
Be With You,Enrique,1999-11-23,['Enrique Iglesias'],"['dance pop', 'mexican pop', 'latin pop']",2000,37,220160,https://open.spotify.com/track/1lZ4j5WBURBwZ0M5TT46wP,https://i.scdn.co/image/ab67616d00001e02f3dc548292cbf807527b9309,spotify:track:1lZ4j5WBURBwZ0M5TT46wP,54,0.0359,0.69,0.871,0.000843,0.0347,-5.484,0.0329,121.984,0.561,1,0,4,Be With You - Enrique Iglesias
Al di là,Espérame en Roma,2016-04-29,['Emilio Pericoli'],['swing italiano'],1962,48,197137,https://open.spotify.com/track/2EFuKrTmy6wCB9C7Bvyyia,https://i.scdn.co/image/ab67616d00001e02a04cbdbc1b8a222da3482151,spotify:track:2EFuKrTmy6wCB9C7Bvyyia,40,0.682,0.32,0.301,0.0,0.123,-12.301,0.0293,84.918,0.217,11,1,4,Al di là - Emilio Pericoli
Party (feat. André 3000),4,2011-06-24,"['Beyoncé', 'André 3000']","['dirty south rap', 'southern hip hop', 'atl hip hop', 'pop', 'r&b']",2022,77,245480,https://open.spotify.com/track/42qh86p7TLXyumxSHn65kc,https://i.scdn.co/image/ab67616d00001e02ff5429125128b43572dbdccd,spotify:track:42qh86p7TLXyumxSHn65kc,62,0.0188,0.648,0.593,0.0,0.169,-6.267,0.0509,160.984,0.719,10,1,4,"Party (feat. André 3000) - Beyoncé, André 3000"
Here I Am (Come and Take Me),Call Me,1973,['Al Green'],"['soul', 'funk', 'soul blues', 'classic soul', 'southern soul', 'memphis soul']",1973,63,256693,https://open.spotify.com/track/20wu6USlvWRghMOvUdfLgE,https://i.scdn.co/image/ab67616d00001e0274bf394db200791382590474,spotify:track:20wu6USlvWRghMOvUdfLgE,51,0.318,0.815,0.388,8.39e-05,0.0673,-12.238,0.0364,94.558,0.846,11,0,4,Here I Am (Come and Take Me) - Al Green
Just Dance,The Fame,2008-01-01,"['Lady Gaga', ""Colby O'Donis""]","['dance pop', 'art pop', 'pop']",2009,3,241933,https://open.spotify.com/track/2x7MyWybabEz6Y6wvHuwGE,https://i.scdn.co/image/ab67616d00001e02631810af03785dbad83f5c81,spotify:track:2x7MyWybabEz6Y6wvHuwGE,77,0.0264,0.822,0.739,4.26e-05,0.181,-4.541,0.0311,118.992,0.745,1,0,4,"Just Dance - Lady Gaga, Colby O'Donis"
Say Yes,Floetic,2002-01-01,['Floetry'],"['new jack swing', 'urban contemporary', 'british soul', 'contemporary r&b', 'neo soul', 'r&b']",2003,100,268373,https://open.spotify.com/track/2fE4MbwX3QGMzNaMjGVhtw,https://i.scdn.co/image/ab67616d00001e0274ba4c0d51c93c3d8c798e86,spotify:track:2fE4MbwX3QGMzNaMjGVhtw,61,0.211,0.747,0.398,1.42e-06,0.113,-12.932,0.0743,117.901,0.428,5,0,1,Say Yes - Floetry
Lately,Uptown MTV Unplugged,1993-01-01,['Jodeci'],"['contemporary r&b', 'new jack swing', 'urban contemporary', 'r&b']",1993,15,373626,https://open.spotify.com/track/5hIljtQ1fRvDRc1aHdhwWK,https://i.scdn.co/image/ab67616d00001e0291f6298b9ff9eccfa1f7026b,spotify:track:5hIljtQ1fRvDRc1aHdhwWK,42,0.631,0.377,0.315,0.0,0.946,-12.641,0.0619,126.168,0.27,1,1,4,Lately - Jodeci
Tired of Being Alone,Gets Next to You,1971-08-14,['Al Green'],"['soul', 'funk', 'soul blues', 'classic soul', 'southern soul', 'memphis soul']",1971,12,172320,https://open.spotify.com/track/10vkYRKw6Jjr7try1ir50G,https://i.scdn.co/image/ab67616d00001e02fec6bb271749b854c35e5f5c,spotify:track:10vkYRKw6Jjr7try1ir50G,71,0.339,0.772,0.397,0.00541,0.0753,-8.585,0.0391,97.964,0.617,7,1,4,Tired of Being Alone - Al Green
Crying,Chain Lightning,1978-12-01,['Don McLean'],"['heartland rock', 'folk rock', 'folk', 'soft rock', 'mellow gold', 'singer-songwriter', 'classic rock']",1981,40,230560,https://open.spotify.com/track/2gjQdYRk5A17t5pNxQXmuN,https://i.scdn.co/image/ab67616d00001e02bc977d04841381d2fd206106,spotify:track:2gjQdYRk5A17t5pNxQXmuN,48,0.466,0.302,0.344,1.53e-06,0.184,-11.894,0.0277,140.763,0.242,0,1,4,Crying - Don McLean
Hurricane,This One's for You,2017-06-02,['Luke Combs'],"['contemporary country', 'country']",2017,76,222533,https://open.spotify.com/track/6xHI9KjUjYT0FPtGO8Mxa1,https://i.scdn.co/image/ab67616d00001e02b7578013decfa174e30dc298,spotify:track:6xHI9KjUjYT0FPtGO8Mxa1,79,0.0153,0.464,0.813,0.0,0.254,-6.185,0.0416,75.977,0.515,10,1,4,Hurricane - Luke Combs
Incomplete,Never Gone,2005-06-14,['Backstreet Boys'],"['dance pop', 'boy band', 'pop']",2005,64,239586,https://open.spotify.com/track/0CnD7Hiw6pae6rLsZw5q5W,https://i.scdn.co/image/ab67616d00001e02fd2f4308f22fcae9f5c1fa8c,spotify:track:0CnD7Hiw6pae6rLsZw5q5W,67,0.231,0.437,0.589,0.0,0.0768,-4.834,0.0331,133.631,0.165,4,1,4,Incomplete - Backstreet Boys
Don't Trust Me (as made famous by 3OH!3),Hits Of 2009,2009-07-01,['Hit Makers Of Today'],[],2009,30,192937,https://open.spotify.com/track/60x8MgOBKklNmbgAFHE9Qd,https://i.scdn.co/image/ab67616d00001e02b38fe91040d797a76dba4ab6,spotify:track:60x8MgOBKklNmbgAFHE9Qd,0,0.00173,0.792,0.466,9.65e-05,0.198,-10.504,0.0769,129.941,0.647,7,0,4,Don't Trust Me (as made famous by 3OH!3) - Hit Makers Of Today
Same Love (feat. Mary Lambert),The Heist,2012-10-09,"['Macklemore & Ryan Lewis', 'Macklemore', 'Ryan Lewis', 'Mary Lambert']","['pop rap', 'neo mellow', 'seattle hip hop']",2013,43,318525,https://open.spotify.com/track/01uqI4H13Gsd8Lyl1EYd8H,https://i.scdn.co/image/ab67616d00001e0298a02fef3a8b1d80a0f164ec,spotify:track:01uqI4H13Gsd8Lyl1EYd8H,65,0.716,0.688,0.473,4.46e-05,0.104,-9.059,0.167,84.958,0.299,8,1,4,"Same Love (feat. Mary Lambert) - Macklemore & Ryan Lewis, Macklemore, Ryan Lewis, Mary Lambert"
"1,2,3 Red Light","1,2,3, Red Light",1968-10-01,['1910 Fruitgum Company'],"['classic garage rock', 'bubblegum pop', 'merseybeat']",1968,48,127120,https://open.spotify.com/track/4fnvjQXs8y18X8br917ohs,https://i.scdn.co/image/ab67616d00001e028620d69514c447a667b24491,spotify:track:4fnvjQXs8y18X8br917ohs,35,0.132,0.718,0.498,0.0,0.0536,-8.904,0.0374,115.957,0.982,3,1,4,"1,2,3 Red Light - 1910 Fruitgum Company"
"Hey Mama (feat. Nicki Minaj, Bebe Rexha & Afrojack)",Listen (Deluxe),2014-11-24,"['David Guetta', 'AFROJACK', 'Bebe Rexha', 'Nicki Minaj']","['pop dance', 'dance pop', 'electro house', 'hip pop', 'edm', 'queens hip hop', 'progressive electro house', 'big room', 'rap', 'pop', 'dutch house']",2015,31,192560,https://open.spotify.com/track/5b2bu6yyATC1zMXDGScJ2d,https://i.scdn.co/image/ab67616d00001e0222f21ef4e9da48c31170a418,spotify:track:5b2bu6yyATC1zMXDGScJ2d,64,0.24,0.596,0.73,0.0,0.325,-4.091,0.151,85.979,0.525,9,1,4,"Hey Mama (feat. Nicki Minaj, Bebe Rexha & Afrojack) - David Guetta, AFROJACK, Bebe Rexha, Nicki Minaj"
I Wanna Sex You Up - Single Mix,C.M.B.,1991-07-23,['Color Me Badd'],"['contemporary r&b', 'boy band', 'new jack swing']",1991,2,236946,https://open.spotify.com/track/1kPBHRXyXdrtYfUfeRwBko,https://i.scdn.co/image/ab67616d00001e02ced0c7756302458ab6daa6d5,spotify:track:1kPBHRXyXdrtYfUfeRwBko,64,0.00549,0.551,0.591,6.55e-06,0.0416,-8.404,0.12,201.81,0.474,6,0,4,I Wanna Sex You Up - Single Mix - Color Me Badd
Headlines,Take Care (Deluxe),2011-11-15,['Drake'],"['toronto rap', 'canadian hip hop', 'canadian pop', 'rap', 'hip hop']",2011,85,235986,https://open.spotify.com/track/6LxSe8YmdPxy095Ux6znaQ,https://i.scdn.co/image/ab67616d00001e02c7ea04a9b455e3f68ef82550,spotify:track:6LxSe8YmdPxy095Ux6znaQ,79,0.365,0.636,0.566,0.000353,0.0917,-7.16,0.106,151.894,0.425,6,0,4,Headlines - Drake
One More Day,One More Day,2001-02-02,['Diamond Rio'],"['contemporary country', 'country road', 'country']",2001,86,216173,https://open.spotify.com/track/3TNoNv8Z80M3pfm6CcODsh,https://i.scdn.co/image/ab67616d00001e02b31d68e10bfb5759dcbd018a,spotify:track:3TNoNv8Z80M3pfm6CcODsh,57,0.592,0.668,0.405,0.0,0.115,-7.629,0.0277,131.064,0.234,4,1,4,One More Day - Diamond Rio
Black Water,What Were Once Vices Are Now Habits,1974,['The Doobie Brothers'],"['heartland rock', 'country rock', 'hard rock', 'rock', 'folk rock', 'yacht rock', 'album rock', 'soft rock', 'mellow gold', 'singer-songwriter', 'classic rock']",1975,16,255266,https://open.spotify.com/track/4p8QcNkaq2FQj8uGJ7HEDK,https://i.scdn.co/image/ab67616d00001e02f8fc7e7d8ed70a0b6d85f35f,spotify:track:4p8QcNkaq2FQj8uGJ7HEDK,64,0.228,0.532,0.441,0.0,0.0846,-12.866,0.0434,169.275,0.67,2,1,4,Black Water - The Doobie Brothers
(Now and Then There's) A Fool Such as I,Elvis 30 #1 Hits (Expanded Edition),2022-02-18,['Elvis Presley'],"['rockabilly', 'rock-and-roll']",1959,34,159360,https://open.spotify.com/track/6aKzxns1rGMjLSij4PuWhh,https://i.scdn.co/image/ab67616d00001e025cc9e097906397c45324ea08,spotify:track:6aKzxns1rGMjLSij4PuWhh,48,0.901,0.574,0.714,1.7e-05,0.255,-6.344,0.0403,63.623,0.722,0,1,4,(Now and Then There's) A Fool Such as I - Elvis Presley
If You're Not The One,Gotta Get Thru This,2002-01-01,['Daniel Bedingfield'],"['talent show', 'europop']",2003,60,257160,https://open.spotify.com/track/4gJoAvFpDvaeqm2EKYGmhb,https://i.scdn.co/image/ab67616d00001e022325fa44a428fc911a87e992,spotify:track:4gJoAvFpDvaeqm2EKYGmhb,53,0.561,0.687,0.537,0.0,0.107,-7.639,0.0305,120.023,0.264,10,1,4,If You're Not The One - Daniel Bedingfield
Say It Right,Loose,2006-01-01,['Nelly Furtado'],"['dance pop', 'canadian latin', 'pop', 'canadian pop']",2007,9,223080,https://open.spotify.com/track/2aI21FnmY7TJVKeMaoQZ0t,https://i.scdn.co/image/ab67616d00001e02a6f439c8957170652f9410e2,spotify:track:2aI21FnmY7TJVKeMaoQZ0t,82,0.0476,0.872,0.872,0.00112,0.0543,-6.328,0.139,116.948,0.809,1,1,4,Say It Right - Nelly Furtado
"My Heart Will Go On - Love Theme from ""Titanic""",Let's Talk About Love,1997-11-14,['Céline Dion'],['canadian pop'],1998,13,280000,https://open.spotify.com/track/33LC84JgLvK2KuW43MfaNq,https://i.scdn.co/image/ab67616d00001e02745adc3f697ea1ec79d66901,spotify:track:33LC84JgLvK2KuW43MfaNq,76,0.732,0.428,0.276,5.33e-06,0.117,-11.729,0.0312,99.195,0.0382,4,1,1,"My Heart Will Go On - Love Theme from ""Titanic"" - Céline Dion"
You Make Me Feel Like Dancing - Remastered,Endless Flight,1976,['Leo Sayer'],"['soft rock', 'mellow gold']",1977,13,219466,https://open.spotify.com/track/6gTrbqZnyljwXdYQTyBkSx,https://i.scdn.co/image/ab67616d00001e027a36d4a054f611e449eca370,spotify:track:6gTrbqZnyljwXdYQTyBkSx,64,0.0848,0.728,0.718,0.0,0.0579,-5.281,0.0501,95.922,0.733,8,0,4,You Make Me Feel Like Dancing - Remastered - Leo Sayer
Sunshine (feat. Lea),U Gotta Feel Me,2004-03-30,"[""Lil' Flip"", 'Lea']","['crunk', 'dirty south rap']",2004,20,225173,https://open.spotify.com/track/4s0o8TJHfX9LLHa0umnOzT,https://i.scdn.co/image/ab67616d00001e020a40d864fe7c60b58923458a,spotify:track:4s0o8TJHfX9LLHa0umnOzT,65,0.0248,0.814,0.387,0.0,0.131,-9.867,0.0946,93.961,0.792,0,1,4,"Sunshine (feat. Lea) - Lil' Flip, Lea"
Mine,COSMIC,2018-04-12,['Bazzi'],['pop'],2018,21,131064,https://open.spotify.com/track/7uzmGiiJyRfuViKKK3lVmR,https://i.scdn.co/image/ab67616d00001e02f9f2d43ff44bdfbe8c556f8d,spotify:track:7uzmGiiJyRfuViKKK3lVmR,76,0.0161,0.71,0.789,2.77e-06,0.451,-3.874,0.0722,142.929,0.717,4,1,4,Mine - Bazzi
I Like Me Better,I met you when I was 18. (the playlist),2018-05-31,['Lauv'],['pop'],2018,35,197436,https://open.spotify.com/track/0EcQcdcbQeVJn9fknj44Be,https://i.scdn.co/image/ab67616d00001e02bdea30b86b37142ec99deb78,spotify:track:0EcQcdcbQeVJn9fknj44Be,83,0.534,0.753,0.505,2.58e-06,0.104,-7.621,0.255,91.972,0.419,9,1,4,I Like Me Better - Lauv
I Just Called To Say I Love You,At The Close Of A Century,1999-11-23,['Stevie Wonder'],"['motown', 'soul']",1984,25,262240,https://open.spotify.com/track/6RNDeRnWsRMjPdNVgupZCs,https://i.scdn.co/image/ab67616d00001e02f97219e49a23bfdd4de7eed1,spotify:track:6RNDeRnWsRMjPdNVgupZCs,77,0.243,0.748,0.551,1.57e-06,0.0943,-9.054,0.0239,113.535,0.65,1,1,4,I Just Called To Say I Love You - Stevie Wonder
Also Sprach Zarathustra,Live At Felt Forum - The 2001 Concert,1977,['Deodato'],"['brazilian jazz', 'bossa nova jazz', 'jazz funk']",1973,90,663133,https://open.spotify.com/track/6ywm0ilJ9ItgXRDg0yrJP1,https://i.scdn.co/image/ab67616d00001e029fcbd8ff60f074f8ad60a0b3,spotify:track:6ywm0ilJ9ItgXRDg0yrJP1,14,0.431,0.448,0.763,0.359,0.291,-11.657,0.0493,117.938,0.513,0,1,4,Also Sprach Zarathustra - Deodato
Put A Little Love In Your Heart,Laurel Canyon (Deluxe Edition),1968,['Jackie DeShannon'],['brill building pop'],1969,46,156826,https://open.spotify.com/track/7MUO4NG8cNjTEQlANYwmoU,https://i.scdn.co/image/ab67616d00001e02f0026bf8df25e8b7ba88d239,spotify:track:7MUO4NG8cNjTEQlANYwmoU,53,0.238,0.596,0.523,0.0,0.0771,-6.801,0.0248,100.974,0.435,2,1,4,Put A Little Love In Your Heart - Jackie DeShannon
Gimme Some Lovin' - Single Mix,Gimme Some Loving / Blues In F,1966-11-17,['The Spencer Davis Group'],"['british invasion', 'protopunk', 'british blues']",1967,68,178840,https://open.spotify.com/track/3qCHUm73I3o5F1mDEfibzo,https://i.scdn.co/image/ab67616d00001e02dbe342cb676e4630b72ef182,spotify:track:3qCHUm73I3o5F1mDEfibzo,60,0.216,0.598,0.564,0.000204,0.277,-6.454,0.032,147.619,0.43,0,1,4,Gimme Some Lovin' - Single Mix - The Spencer Davis Group
Dear Mama,Me Against The World,1995-03-14,['2Pac'],"['gangster rap', 'rap', 'west coast rap', 'g funk', 'hip hop']",1995,51,280000,https://open.spotify.com/track/6tDxrq4FxEL2q15y37tXT9,https://i.scdn.co/image/ab67616d00001e0204b9ab6bd4bf6a350ba902ea,spotify:track:6tDxrq4FxEL2q15y37tXT9,74,0.371,0.773,0.54,0.0,0.131,-7.123,0.103,84.115,0.322,6,1,4,Dear Mama - 2Pac
Dynamite,The Rokstarr Hits Collection,2010-01-01,['Taio Cruz'],"['pop', 'dance pop', 'pop rap']",2010,9,202613,https://open.spotify.com/track/2CEgGE6aESpnmtfiZwYlbV,https://i.scdn.co/image/ab67616d00001e0266c3eb32692a0ae487079cf1,spotify:track:2CEgGE6aESpnmtfiZwYlbV,83,0.00379,0.751,0.783,0.0,0.036,-3.724,0.0859,119.975,0.816,4,1,4,Dynamite - Taio Cruz
Friend Of Mine - Remix,Soul Of A Woman,1998-01-01,"['Kelly Price', 'R. Kelly', 'Ronald Isley']","['hip pop', 'new jack swing', 'urban contemporary', 'contemporary r&b', 'r&b']",1998,72,377506,https://open.spotify.com/track/35irxCsC8QXJ1IN0eioD3H,https://i.scdn.co/image/ab67616d00001e027962ea8e6d8c04b26713b1ae,spotify:track:35irxCsC8QXJ1IN0eioD3H,46,0.35,0.737,0.366,0.0,0.0707,-8.346,0.032,109.876,0.395,10,0,4,"Friend Of Mine - Remix - Kelly Price, R. Kelly, Ronald Isley"
Bennie And The Jets,70's Pop Number 1's,2007-01-01,['Elton John'],"['glam rock', 'piano rock', 'rock', 'mellow gold']",1992,43,323453,https://open.spotify.com/track/0LHzd11GIXVmND7TfQnGiy,https://i.scdn.co/image/ab67616d00001e0203a2c747024018344d8bf5e9,spotify:track:0LHzd11GIXVmND7TfQnGiy,52,0.301,0.657,0.724,5.54e-06,0.658,-7.465,0.0648,131.914,0.755,0,1,4,Bennie And The Jets - Elton John
In the End,Hybrid Theory (Bonus Edition),2000-10-24,['Linkin Park'],"['nu metal', 'post-grunge', 'alternative metal', 'rock', 'rap metal']",2002,7,216880,https://open.spotify.com/track/60a0Rd6pjrkxjPbaKzXjfq,https://i.scdn.co/image/ab67616d00001e02e2f039481babe23658fc719a,spotify:track:60a0Rd6pjrkxjPbaKzXjfq,88,0.00958,0.556,0.864,0.0,0.209,-5.87,0.0584,105.143,0.4,3,0,4,In the End - Linkin Park
Make Me Better,From Nothin' To Somethin' (Bonus Track Version),2007-01-01,"['Fabolous', 'Ne-Yo']","['gangster rap', 'dance pop', 'urban contemporary', 'rap', 'trap', 'pop', 'hip hop', 'pop rap', 'r&b']",2007,44,253573,https://open.spotify.com/track/0YkJU6TjjwzsVXUPRIO0DB,https://i.scdn.co/image/ab67616d00001e020257cdc367bb5b3f41eb949f,spotify:track:0YkJU6TjjwzsVXUPRIO0DB,62,0.33,0.607,0.599,0.0,0.199,-6.886,0.0995,86.491,0.562,11,1,4,"Make Me Better - Fabolous, Ne-Yo"
Shadow of the Day,Minutes to Midnight,2007-05-14,['Linkin Park'],"['nu metal', 'post-grunge', 'alternative metal', 'rock', 'rap metal']",2008,55,290360,https://open.spotify.com/track/0OYcEfskah1egYHjYRvbg1,https://i.scdn.co/image/ab67616d00001e0246e207de66ba06422897f769,spotify:track:0OYcEfskah1egYHjYRvbg1,68,0.00479,0.534,0.393,0.0107,0.107,-7.813,0.0292,110.007,0.0641,11,1,4,Shadow of the Day - Linkin Park
My Happy Ending,Under My Skin,2004,['Avril Lavigne'],"['candy pop', 'pop', 'canadian pop']",2004,54,242413,https://open.spotify.com/track/6sqNctd7MlJoKDOxPVCAvU,https://i.scdn.co/image/ab67616d00001e029c291af4bf0c3071847f2b80,spotify:track:6sqNctd7MlJoKDOxPVCAvU,71,0.00136,0.414,0.936,0.0,0.369,-2.407,0.0758,170.229,0.74,2,1,4,My Happy Ending - Avril Lavigne
Sowing The Seeds Of Love,The Seeds Of Love,1989-09-25,['Tears For Fears'],"['new wave', 'sophisti-pop', 'permanent wave', 'rock', 'new wave pop', 'synthpop', 'new romantic']",1989,58,376733,https://open.spotify.com/track/0PbAyLrJRDxckQBLQ2Addc,https://i.scdn.co/image/ab67616d00001e02cda963878b34b80c742d11bb,spotify:track:0PbAyLrJRDxckQBLQ2Addc,66,0.0109,0.209,0.795,5.63e-05,0.355,-7.241,0.0443,171.975,0.682,0,1,4,Sowing The Seeds Of Love - Tears For Fears
Fire Burning,Tomorrow,2009-09-07,['Sean Kingston'],"['pop', 'dance pop', 'miami hip hop']",2009,33,239986,https://open.spotify.com/track/2oENJa1T33GJ0w8dC167G4,https://i.scdn.co/image/ab67616d00001e02ea34361c4a339d474c3be057,spotify:track:2oENJa1T33GJ0w8dC167G4,73,0.0192,0.839,0.804,0.0,0.331,-2.513,0.0329,122.973,0.888,1,1,4,Fire Burning - Sean Kingston
Wonderwall - Remastered,(What's The Story) Morning Glory? (Deluxe Remastered Edition),1995,['Oasis'],"['britpop', 'beatlesque', 'madchester', 'permanent wave', 'rock']",1996,56,258773,https://open.spotify.com/track/7ygpwy2qP3NbrxVkHvUhXY,https://i.scdn.co/image/ab67616d00001e027a4c8c59851c88f6794c3cbf,spotify:track:7ygpwy2qP3NbrxVkHvUhXY,79,0.000509,0.375,0.893,0.0,0.187,-4.097,0.0406,174.323,0.434,2,1,4,Wonderwall - Remastered - Oasis
Behind These Hazel Eyes,Breakaway,2004-01-17,['Kelly Clarkson'],"['talent show', 'dance pop', 'pop']",2005,10,198973,https://open.spotify.com/track/0AKAxdNkwq9ZxRdW1DN9zW,https://i.scdn.co/image/ab67616d00001e0203dadde4d9d305c1c3e0d91c,spotify:track:0AKAxdNkwq9ZxRdW1DN9zW,63,0.00165,0.548,0.889,0.00109,0.197,-4.682,0.0382,90.048,0.425,9,1,4,Behind These Hazel Eyes - Kelly Clarkson
Just Fine,Growing Pains,2007-01-01,['Mary J. Blige'],"['dance pop', 'neo soul', 'urban contemporary', 'r&b']",2008,82,242133,https://open.spotify.com/track/33vzOPcd9FRirYGlCu32x4,https://i.scdn.co/image/ab67616d00001e0205b290c02465309764d85b03,spotify:track:33vzOPcd9FRirYGlCu32x4,63,0.0394,0.923,0.795,0.000565,0.101,-3.61,0.117,123.021,0.588,11,0,4,Just Fine - Mary J. Blige
Blurred Lines,Blurred Lines (Deluxe),2013-01-01,"['Robin Thicke', 'T.I.', 'Pharrell Williams']","['pop', 'dance pop', 'neo soul', 'dirty south rap', 'southern hip hop', 'trap', 'gangster rap', 'urban contemporary', 'atl hip hop', 'rap', 'hip hop', 'pop rap', 'r&b']",2013,2,263826,https://open.spotify.com/track/0n4bITAu0Y0nigrz3MFJMb,https://i.scdn.co/image/ab67616d00001e02bf4733171d920f2a62b24713,spotify:track:0n4bITAu0Y0nigrz3MFJMb,77,0.00334,0.853,0.599,7.93e-06,0.0759,-4.756,0.0411,119.993,0.843,7,1,4,"Blurred Lines - Robin Thicke, T.I., Pharrell Williams"
Milkshake - Radio Mix,Tasty,2003-12-05,['Kelis'],"['hip pop', 'dance pop', 'neo soul', 'urban contemporary']",2004,41,182626,https://open.spotify.com/track/2s0ouHqJebHfiQ6C1GUFJd,https://i.scdn.co/image/ab67616d00001e0280c0124b18f8d2e3152bbb02,spotify:track:2s0ouHqJebHfiQ6C1GUFJd,57,0.00862,0.891,0.77,0.0315,0.155,-6.124,0.0439,112.997,0.819,1,1,4,Milkshake - Radio Mix - Kelis
Don't Throw Your Love Away (Karaoke in the style of The Searchers),1964 Karaoke Classics Volume 2,2009-09-21,"[""1960's Karaoke Band""]",['karaoke'],1964,87,143882,https://open.spotify.com/track/5qZntBTy8QYaW0tRhNLFGn,https://i.scdn.co/image/ab67616d00001e021ec22ff1ca47be92f4cf002f,spotify:track:5qZntBTy8QYaW0tRhNLFGn,0,7.8e-05,0.608,0.465,0.0571,0.0724,-10.139,0.0319,118.062,0.677,6,1,4,Don't Throw Your Love Away (Karaoke in the style of The Searchers) - 1960's Karaoke Band
Grown Men Don't Cry,Set This Circus Down,2001-04-24,['Tim McGraw'],"['contemporary country', 'country road', 'country']",2001,78,235760,https://open.spotify.com/track/4RtDZMumlKxsN7IL3AJPUx,https://i.scdn.co/image/ab67616d00001e02fe62333319f9b6d07873f8d8,spotify:track:4RtDZMumlKxsN7IL3AJPUx,40,0.199,0.657,0.513,0.0,0.0994,-8.514,0.024,101.815,0.56,10,1,4,Grown Men Don't Cry - Tim McGraw
Diamonds,Unapologetic (Edited Version),2012-01-01,['Rihanna'],"['pop', 'barbadian pop', 'urban contemporary']",2012,94,225146,https://open.spotify.com/track/1z9kQ14XBSN0r2v6fx4IdG,https://i.scdn.co/image/ab67616d00001e02e24cbbd5cef05ca77ec67df6,spotify:track:1z9kQ14XBSN0r2v6fx4IdG,75,0.00125,0.564,0.71,0.0,0.109,-4.92,0.0461,91.972,0.393,11,0,4,Diamonds - Rihanna
Bad Romance,The Fame Monster (Deluxe Edition),2009-11-05,['Lady Gaga'],"['pop', 'dance pop', 'art pop']",2010,8,294573,https://open.spotify.com/track/0SiywuOBRcynK0uKGWdCnn,https://i.scdn.co/image/ab67616d00001e025c9890c0456a3719eeecd8aa,spotify:track:0SiywuOBRcynK0uKGWdCnn,84,0.00314,0.696,0.921,5.24e-05,0.0842,-3.755,0.0363,119.001,0.714,0,1,4,Bad Romance - Lady Gaga
Her Diamonds,Cradlesong,2009-06-22,['Rob Thomas'],"['post-grunge', 'neo mellow', 'pop rock']",2009,85,280000,https://open.spotify.com/track/3LtwmK1OfN0dGs9jf3qSjn,https://i.scdn.co/image/ab67616d00001e02da8f63e21bfaeeaf5be6d445,spotify:track:3LtwmK1OfN0dGs9jf3qSjn,57,0.0159,0.555,0.924,0.0,0.075,-4.93,0.0604,87.606,0.865,7,1,4,Her Diamonds - Rob Thomas
Kiss Me,Sixpence None the Richer,1997-11-22,['Sixpence None The Richer'],"['pop rock', 'lilith']",1999,6,208680,https://open.spotify.com/track/754kgU5rWscRTfvlsuEwFp,https://i.scdn.co/image/ab67616d00001e02b182816802535e73e697a1a6,spotify:track:754kgU5rWscRTfvlsuEwFp,80,0.023,0.526,0.749,1.76e-06,0.0692,-6.964,0.0283,99.982,0.421,3,1,4,Kiss Me - Sixpence None The Richer
Take Me Home Tonight,Can't Hold Back,1986-10-15,['Eddie Money'],"['glam metal', 'country rock', 'hard rock', 'album rock', 'soft rock', 'mellow gold', 'southern rock', 'classic rock']",1986,59,211160,https://open.spotify.com/track/7b4yGtR0rujvLi5EBfKKJ2,https://i.scdn.co/image/ab67616d00001e02b49692931b75588a8453d4c6,spotify:track:7b4yGtR0rujvLi5EBfKKJ2,70,0.101,0.608,0.768,1.41e-06,0.0942,-9.911,0.0364,132.699,0.748,1,1,4,Take Me Home Tonight - Eddie Money
Switch,Lost And Found,2005-01-01,['Will Smith'],"['hip hop', 'pop rap']",2005,28,196653,https://open.spotify.com/track/2bmxx16hNi3W5FGzfFO9xX,https://i.scdn.co/image/ab67616d00001e0212af470001cdda6232883730,spotify:track:2bmxx16hNi3W5FGzfFO9xX,59,0.007,0.877,0.885,0.000497,0.557,-4.966,0.17,102.507,0.517,1,1,4,Switch - Will Smith
The Reason,The Reason (15th Anniversary Deluxe),2003-12-09,['Hoobastank'],"['nu metal', 'post-grunge', 'alternative metal', 'funk metal', 'pop rock']",2004,6,232800,https://open.spotify.com/track/77loZpT5Y5PRP1S451P9Yz,https://i.scdn.co/image/ab67616d00001e0276cc6eedca8eb381afcd1e46,spotify:track:77loZpT5Y5PRP1S451P9Yz,83,0.0129,0.472,0.671,0.0,0.159,-4.649,0.029,82.952,0.0681,4,1,4,The Reason - Hoobastank
Here Without You,Away From The Sun,2002-11-12,['3 Doors Down'],"['post-grunge', 'alternative metal', 'rock', 'nu metal']",2003,62,238733,https://open.spotify.com/track/3NLrRZoMF0Lx6zTlYqeIo4,https://i.scdn.co/image/ab67616d00001e0283c39b0d32eb4a2064e1e228,spotify:track:3NLrRZoMF0Lx6zTlYqeIo4,78,0.0492,0.557,0.533,0.0,0.205,-6.817,0.0252,143.994,0.233,10,0,4,Here Without You - 3 Doors Down
Nothin' on You (feat. Bruno Mars),B.o.B Presents: The Adventures of Bobby Ray,2010-04-27,"['B.o.B', 'Bruno Mars']","['pop', 'dance pop', 'southern hip hop', 'atl hip hop', 'rap', 'pop rap']",2010,11,268320,https://open.spotify.com/track/59dLtGBS26x7kc0rHbaPrq,https://i.scdn.co/image/ab67616d00001e02484d121f0e2d2caf87d5d10b,spotify:track:59dLtGBS26x7kc0rHbaPrq,76,0.386,0.688,0.853,0.0,0.0862,-5.814,0.0493,103.993,0.743,10,1,4,"Nothin' on You (feat. Bruno Mars) - B.o.B, Bruno Mars"
We Don't Need Another Hero (Thunderdome),Private Dancer (30th Anniversary Issue),1984-05-29,['Tina Turner'],"['new wave pop', 'soft rock']",1985,57,255186,https://open.spotify.com/track/50XXRUFNjs85P0MjCZ1c9X,https://i.scdn.co/image/ab67616d00001e028858cc9df4f43fd5954e5132,spotify:track:50XXRUFNjs85P0MjCZ1c9X,65,0.2,0.69,0.674,0.00648,0.115,-5.866,0.047,98.85,0.714,8,0,4,We Don't Need Another Hero (Thunderdome) - Tina Turner
Down On Me,All About You,2010-01-01,"['Jeremih', '50 Cent']","['chicago rap', 'southern hip hop', 'queens hip hop', 'east coast hip hop', 'trap', 'gangster rap', 'urban contemporary', 'rap', 'hip hop', 'pop rap', 'r&b']",2011,22,228453,https://open.spotify.com/track/0x3TibRgnSqzkcwrqBd4iX,https://i.scdn.co/image/ab67616d00001e02ee6271e9d8488289b6a4aa63,spotify:track:0x3TibRgnSqzkcwrqBd4iX,76,0.0369,0.7,0.598,0.0,0.111,-7.783,0.114,160.041,0.594,2,1,4,"Down On Me - Jeremih, 50 Cent"
Animals - Radio Edit,Animals,2016-12-16,['Martin Garrix'],"['pop dance', 'edm', 'progressive house', 'dutch edm', 'pop']",2014,71,176120,https://open.spotify.com/track/65G7XDGcybJiGywSCXJiL5,https://i.scdn.co/image/ab67616d00001e02a8bbffaf052fb56c20c180e1,spotify:track:65G7XDGcybJiGywSCXJiL5,64,0.00137,0.593,0.914,0.445,0.0714,-5.351,0.0363,128.015,0.0381,1,1,4,Animals - Radio Edit - Martin Garrix
Too Funky - Single Edit,Ladies And Gentlemen... The Best Of George Michael,1998-11-09,['George Michael'],['new wave pop'],1992,58,224933,https://open.spotify.com/track/4KjPPpRbthW8dSNdisR2Wi,https://i.scdn.co/image/ab67616d00001e0264c19b24ce947ffa363f8f96,spotify:track:4KjPPpRbthW8dSNdisR2Wi,53,0.0211,0.66,0.893,0.305,0.718,-8.324,0.0758,98.262,0.757,1,1,4,Too Funky - Single Edit - George Michael
Dum Dum,All The Way,1961-08-07,['Brenda Lee'],"['easy listening', 'lounge', 'rockabilly', 'adult standards']",1961,91,146173,https://open.spotify.com/track/2amlWbDFBNfQyoHy7mIMnZ,https://i.scdn.co/image/ab67616d00001e02d15515e48e99524e4c09ba57,spotify:track:2amlWbDFBNfQyoHy7mIMnZ,24,0.831,0.691,0.618,0.0,0.136,-6.678,0.154,126.533,0.682,6,1,4,Dum Dum - Brenda Lee
Strike It Up,Dreamland,1990-04-09,['Black Box'],"['italo house', 'hip house', 'diva house', 'eurodance']",1991,88,298691,https://open.spotify.com/track/742hY2twqAjwNYnKkQdilj,https://i.scdn.co/image/ab67616d00001e02ae03a889dd876866982b309a,spotify:track:742hY2twqAjwNYnKkQdilj,56,0.0116,0.875,0.862,0.000281,0.0658,-7.694,0.062,118.398,0.915,6,0,4,Strike It Up - Black Box
MotorSport,Culture II,2018-01-26,"['Migos', 'Nicki Minaj', 'Cardi B']","['hip pop', 'queens hip hop', 'trap', 'atl hip hop', 'rap', 'hip hop', 'pop']",2018,34,303076,https://open.spotify.com/track/4wFjTWCunQFKtukqrNijEt,https://i.scdn.co/image/ab67616d00001e029c188c494d8bfaf895411890,spotify:track:4wFjTWCunQFKtukqrNijEt,72,0.0305,0.904,0.518,0.0,0.325,-5.32,0.183,137.996,0.188,2,1,4,"MotorSport - Migos, Nicki Minaj, Cardi B"
"Sweetest Girl (Dollar Bill) (feat. Akon, Lil' Wayne & Niia)","Sweetest Girl (Dollar Bill) (feat. Akon, Lil' Wayne & Niia)",2007-08-14,"['Wyclef Jean', 'Akon', 'Lil Wayne', 'Niia']","['rap kreyol', 'dance pop', 'rap', 'new orleans rap', 'trap', 'hip hop', 'pop rap']",2008,56,241133,https://open.spotify.com/track/4liGjmhCupa7RP9JaQELYx,https://i.scdn.co/image/ab67616d00001e021e845be51fa079ea1eff1131,spotify:track:4liGjmhCupa7RP9JaQELYx,59,0.0772,0.733,0.744,0.0,0.341,-3.51,0.0553,92.515,0.529,1,1,4,"Sweetest Girl (Dollar Bill) (feat. Akon, Lil' Wayne & Niia) - Wyclef Jean, Akon, Lil Wayne, Niia"
When Will I Be Loved,Heart Like A Wheel,1974,['Linda Ronstadt'],"['heartland rock', 'country rock', 'folk rock', 'folk', 'soft rock', 'mellow gold', 'singer-songwriter']",1975,47,124866,https://open.spotify.com/track/5jPPjNMIi1rD6BvQqxhJh5,https://i.scdn.co/image/ab67616d00001e02b67a2ac6906ba70b8af718a1,spotify:track:5jPPjNMIi1rD6BvQqxhJh5,63,0.186,0.513,0.573,0.000958,0.0878,-10.023,0.0337,132.607,0.621,9,1,4,When Will I Be Loved - Linda Ronstadt
